Validation_Set,Topics,Alpha,Beta,Coherence,Perplexity
100% Corpus,2,0.01,0.01,0.5275453512437989,-35.49253385238367
100% Corpus,2,0.01,0.31,0.4918664113654685,-7.62774047478384
100% Corpus,2,0.01,0.61,0.49854706388995707,-7.556924518959166
100% Corpus,2,0.01,0.9099999999999999,0.45815967156328113,-7.565579445475061
100% Corpus,2,0.01,symmetric,0.5206446302742923,-7.538368230720619
100% Corpus,2,0.31,0.01,0.5011386881121297,-41.30815170954952
100% Corpus,2,0.31,0.31,0.4473443072076638,-7.592298689138407
100% Corpus,2,0.31,0.61,0.44522593468028776,-7.557627191488881
100% Corpus,2,0.31,0.9099999999999999,0.44455291573618844,-7.550634171936221
100% Corpus,2,0.31,symmetric,0.4388449051389539,-7.561676336118105
100% Corpus,2,0.61,0.01,0.5155600659010653,-36.33843090212985
100% Corpus,2,0.61,0.31,0.4343230305303371,-7.5939812868474865
100% Corpus,2,0.61,0.61,0.4107224004145781,-7.525928957543526
100% Corpus,2,0.61,0.9099999999999999,0.4174847727532535,-7.562627598112491
100% Corpus,2,0.61,symmetric,0.4336698165303704,-7.56776767084285
100% Corpus,2,0.9099999999999999,0.01,0.47187896254159273,-41.61063059458904
100% Corpus,2,0.9099999999999999,0.31,0.4398981366870834,-7.6184324159295125
100% Corpus,2,0.9099999999999999,0.61,0.48691194050328723,-7.560065938021716
100% Corpus,2,0.9099999999999999,0.9099999999999999,0.5070327590547464,-7.565081645815671
100% Corpus,2,0.9099999999999999,symmetric,0.43103680694300905,-7.5701543510223575
100% Corpus,2,symmetric,0.01,0.48990419870508994,-36.172416380389606
100% Corpus,2,symmetric,0.31,0.4391247024510547,-7.559256365783429
100% Corpus,2,symmetric,0.61,0.43289035642521456,-7.556059416002958
100% Corpus,2,symmetric,0.9099999999999999,0.44455291573618844,-7.5546378491514945
100% Corpus,2,symmetric,symmetric,0.4303217756564705,-7.559377078597295
100% Corpus,2,asymmetric,0.01,0.4140415955607971,-36.18727249576549
100% Corpus,2,asymmetric,0.31,0.486002910661961,-7.578309005203132
100% Corpus,2,asymmetric,0.61,0.480110204325344,-7.5385181760095135
100% Corpus,2,asymmetric,0.9099999999999999,0.52285186648729,-7.538792951016816
100% Corpus,2,asymmetric,symmetric,0.4921104355371173,-7.543929297248399
100% Corpus,3,0.01,0.01,0.510391660151113,-36.006825080664534
100% Corpus,3,0.01,0.31,0.5221926781944061,-7.678440469368878
100% Corpus,3,0.01,0.61,0.4794761063853972,-7.596929201713144
100% Corpus,3,0.01,0.9099999999999999,0.5320833553339693,-7.563033658829685
100% Corpus,3,0.01,symmetric,0.4588281894890665,-7.662244295440982
100% Corpus,3,0.31,0.01,0.4810230805269093,-35.85350031969285
100% Corpus,3,0.31,0.31,0.47406430201356714,-7.650738397127591
100% Corpus,3,0.31,0.61,0.4844647168004113,-7.618620959066724
100% Corpus,3,0.31,0.9099999999999999,0.5642871091783669,-7.63342509349152
100% Corpus,3,0.31,symmetric,0.469641951230047,-7.638415877785963
100% Corpus,3,0.61,0.01,0.44053357555697487,-36.559872210797586
100% Corpus,3,0.61,0.31,0.47936277982654296,-7.623890647788362
100% Corpus,3,0.61,0.61,0.46802238954792386,-7.569600804143059
100% Corpus,3,0.61,0.9099999999999999,0.5379856081300781,-7.609120725403671
100% Corpus,3,0.61,symmetric,0.4783281942587409,-7.580826263014902
100% Corpus,3,0.9099999999999999,0.01,0.43611996706439765,-36.83644573088289
100% Corpus,3,0.9099999999999999,0.31,0.46420941194062615,-7.62723443157372
100% Corpus,3,0.9099999999999999,0.61,0.5016070068964288,-7.603756426372812
100% Corpus,3,0.9099999999999999,0.9099999999999999,0.5117911485276435,-7.62047833854614
100% Corpus,3,0.9099999999999999,symmetric,0.48882154650304027,-7.622299878189912
100% Corpus,3,symmetric,0.01,0.4721922410846397,-35.796933643308904
100% Corpus,3,symmetric,0.31,0.4655310624117009,-7.6416332752007285
100% Corpus,3,symmetric,0.61,0.45027559030140335,-7.608658499977368
100% Corpus,3,symmetric,0.9099999999999999,0.6024287082764833,-7.648547171014762
100% Corpus,3,symmetric,symmetric,0.4971515356801513,-7.603367314258754
100% Corpus,3,asymmetric,0.01,0.4023854665294598,-35.96739509558796
100% Corpus,3,asymmetric,0.31,0.45470824252727254,-7.605906583683135
100% Corpus,3,asymmetric,0.61,0.46860138024867554,-7.566685290957638
100% Corpus,3,asymmetric,0.9099999999999999,0.504361670296426,-7.573079053394648
100% Corpus,3,asymmetric,symmetric,0.4501543379497483,-7.597599894811974
100% Corpus,4,0.01,0.01,0.46221762995035187,-41.48723024624912
100% Corpus,4,0.01,0.31,0.48906882403982604,-7.7366224776448265
100% Corpus,4,0.01,0.61,0.4925785294743261,-7.655046595660311
100% Corpus,4,0.01,0.9099999999999999,0.5548667673138127,-7.62493303176502
100% Corpus,4,0.01,symmetric,0.46577168999782675,-7.7949354275507625
100% Corpus,4,0.31,0.01,0.4549584300744585,-41.26697792724982
100% Corpus,4,0.31,0.31,0.4232915334228495,-7.723264536256915
100% Corpus,4,0.31,0.61,0.4716403849880352,-7.635992961213739
100% Corpus,4,0.31,0.9099999999999999,0.48193203499600223,-7.640924441227247
100% Corpus,4,0.31,symmetric,0.42178815691915567,-7.7384981509764845
100% Corpus,4,0.61,0.01,0.47280067683499843,-41.736196120462346
100% Corpus,4,0.61,0.31,0.4701330215281832,-7.701273200277286
100% Corpus,4,0.61,0.61,0.4602073221842632,-7.667616048672047
100% Corpus,4,0.61,0.9099999999999999,0.44702361436356713,-7.6842344451088005
100% Corpus,4,0.61,symmetric,0.4579370003664935,-7.720684438388232
100% Corpus,4,0.9099999999999999,0.01,0.4920520765217059,-41.92796788236229
100% Corpus,4,0.9099999999999999,0.31,0.48449350063669183,-7.700813572975498
100% Corpus,4,0.9099999999999999,0.61,0.44655014248607855,-7.653597701410067
100% Corpus,4,0.9099999999999999,0.9099999999999999,0.47512376961354463,-7.700738846916944
100% Corpus,4,0.9099999999999999,symmetric,0.4619677688264463,-7.711200170897671
100% Corpus,4,symmetric,0.01,0.4694333953801078,-41.226238503962804
100% Corpus,4,symmetric,0.31,0.4339516080149055,-7.712620035249262
100% Corpus,4,symmetric,0.61,0.44994711979685986,-7.641002758738034
100% Corpus,4,symmetric,0.9099999999999999,0.4835624694032227,-7.630581026821914
100% Corpus,4,symmetric,symmetric,0.4204550684813856,-7.742953898324875
100% Corpus,4,asymmetric,0.01,0.39726177842228144,-41.311779406563154
100% Corpus,4,asymmetric,0.31,0.45913357195290955,-7.621464089329076
100% Corpus,4,asymmetric,0.61,0.4663061113106902,-7.589336150005494
100% Corpus,4,asymmetric,0.9099999999999999,0.5138668811322955,-7.595989680965786
100% Corpus,4,asymmetric,symmetric,0.45637326927268057,-7.6505169245695495
100% Corpus,5,0.01,0.01,0.4672558076857428,-41.490001969958755
100% Corpus,5,0.01,0.31,0.4447814054560649,-7.7358256849930065
100% Corpus,5,0.01,0.61,0.49860999436651204,-7.621579155576484
100% Corpus,5,0.01,0.9099999999999999,0.45625277901266836,-7.599172455651972
100% Corpus,5,0.01,symmetric,0.4449632158526814,-7.861205760866136
100% Corpus,5,0.31,0.01,0.484877018360493,-41.301444255156646
100% Corpus,5,0.31,0.31,0.4400460728156954,-7.750868327203116
100% Corpus,5,0.31,0.61,0.43671488344011716,-7.703081866701059
100% Corpus,5,0.31,0.9099999999999999,0.5361701367020221,-7.69403743422367
100% Corpus,5,0.31,symmetric,0.46329866810989245,-7.78328950571522
100% Corpus,5,0.61,0.01,0.4880621731328537,-41.84252783049009
100% Corpus,5,0.61,0.31,0.48977616363894605,-7.7515090231021295
100% Corpus,5,0.61,0.61,0.515528554413068,-7.752129997376752
100% Corpus,5,0.61,0.9099999999999999,0.5199349855368178,-7.735682406280787
100% Corpus,5,0.61,symmetric,0.4690624203700393,-7.7530716088252785
100% Corpus,5,0.9099999999999999,0.01,0.49757136704329136,-42.15144767154624
100% Corpus,5,0.9099999999999999,0.31,0.44949110107203555,-7.752979429330426
100% Corpus,5,0.9099999999999999,0.61,0.49094523612383156,-7.751059535408643
100% Corpus,5,0.9099999999999999,0.9099999999999999,0.525418321724747,-7.773878988472822
100% Corpus,5,0.9099999999999999,symmetric,0.4592788366122581,-7.754296967676664
100% Corpus,5,symmetric,0.01,0.4728042134435538,-40.90425177604209
100% Corpus,5,symmetric,0.31,0.48088495943156156,-7.744007644852883
100% Corpus,5,symmetric,0.61,0.48409720165096337,-7.679590979121767
100% Corpus,5,symmetric,0.9099999999999999,0.4985334993071665,-7.680096224197423
100% Corpus,5,symmetric,symmetric,0.47126036752529143,-7.788021330680839
100% Corpus,5,asymmetric,0.01,0.5012066550450509,-41.2702808115805
100% Corpus,5,asymmetric,0.31,0.44022781746755174,-7.680524052331987
100% Corpus,5,asymmetric,0.61,0.4741880452408962,-7.618781977152936
100% Corpus,5,asymmetric,0.9099999999999999,0.43840212083411173,-7.624584678726879
100% Corpus,5,asymmetric,symmetric,0.41539518579231327,-7.735141208507907
100% Corpus,6,0.01,0.01,0.4816154956826264,-41.52369111927109
100% Corpus,6,0.01,0.31,0.44367087874417677,-7.746552221826103
100% Corpus,6,0.01,0.61,0.4700684134942896,-7.640142262511976
100% Corpus,6,0.01,0.9099999999999999,0.5284089497774034,-7.604040402949278
100% Corpus,6,0.01,symmetric,0.40527435475901813,-7.912658620746829
100% Corpus,6,0.31,0.01,0.4423794865262678,-41.32822431543233
100% Corpus,6,0.31,0.31,0.46688004927788174,-7.7759054670718415
100% Corpus,6,0.31,0.61,0.5405914459239773,-7.709508522521955
100% Corpus,6,0.31,0.9099999999999999,0.5157411974270691,-7.723764419405147
100% Corpus,6,0.31,symmetric,0.4294039701820669,-7.820756431003681
100% Corpus,6,0.61,0.01,0.44121999043752563,-42.01011374788613
100% Corpus,6,0.61,0.31,0.45112721126318833,-7.787040538319671
100% Corpus,6,0.61,0.61,0.5068113703307855,-7.788674976098654
100% Corpus,6,0.61,0.9099999999999999,0.5238940222865485,-7.7783547711206165
100% Corpus,6,0.61,symmetric,0.4441292735497553,-7.797652670809774
100% Corpus,6,0.9099999999999999,0.01,0.4415685117963993,-42.29594939733142
100% Corpus,6,0.9099999999999999,0.31,0.4540979556826126,-7.788248498635853
100% Corpus,6,0.9099999999999999,0.61,0.47206869915301625,-7.795949991293654
100% Corpus,6,0.9099999999999999,0.9099999999999999,0.501846624457385,-7.814535671213489
100% Corpus,6,0.9099999999999999,symmetric,0.43653287509804767,-7.784666572036748
100% Corpus,6,symmetric,0.01,0.4448946907924141,-40.858190056963274
100% Corpus,6,symmetric,0.31,0.480940790662474,-7.7503230251908395
100% Corpus,6,symmetric,0.61,0.49042396131959204,-7.674368535058875
100% Corpus,6,symmetric,0.9099999999999999,0.5278331659877706,-7.670799157184577
100% Corpus,6,symmetric,symmetric,0.4535069351257546,-7.819691973819732
100% Corpus,6,asymmetric,0.01,0.4870428169983918,-41.25525536902315
100% Corpus,6,asymmetric,0.31,0.48815029440588925,-7.678816490504586
100% Corpus,6,asymmetric,0.61,0.4643102847642546,-7.633167288142237
100% Corpus,6,asymmetric,0.9099999999999999,0.5982727248633298,-7.633754952808938
100% Corpus,6,asymmetric,symmetric,0.43353183749697594,-7.778247601838497
100% Corpus,7,0.01,0.01,0.4202886025531146,-41.52913627506676
100% Corpus,7,0.01,0.31,0.42417365489103304,-7.759944093865001
100% Corpus,7,0.01,0.61,0.49921835682387844,-7.65191348941423
100% Corpus,7,0.01,0.9099999999999999,0.43409988050698034,-7.621774879494967
100% Corpus,7,0.01,symmetric,0.3785122604601126,-8.007658641490755
100% Corpus,7,0.31,0.01,0.4124653407377478,-41.246534655792544
100% Corpus,7,0.31,0.31,0.39616226085161266,-7.81822877601926
100% Corpus,7,0.31,0.61,0.5546230421431456,-7.747212027942343
100% Corpus,7,0.31,0.9099999999999999,0.5050392052820804,-7.758187351266773
100% Corpus,7,0.31,symmetric,0.41186487038096686,-7.86120395599361
100% Corpus,7,0.61,0.01,0.4059803758912847,-42.16096632825577
100% Corpus,7,0.61,0.31,0.4570557086182827,-7.811747998546015
100% Corpus,7,0.61,0.61,0.5233714034508069,-7.824590587417252
100% Corpus,7,0.61,0.9099999999999999,0.49365360466581804,-7.829047448993972
100% Corpus,7,0.61,symmetric,0.4177504654474608,-7.827524555957134
100% Corpus,7,0.9099999999999999,0.01,0.3999652485912952,-42.565768728133584
100% Corpus,7,0.9099999999999999,0.31,0.43822251222728775,-7.841775895447935
100% Corpus,7,0.9099999999999999,0.61,0.5000448913579387,-7.86421833616915
100% Corpus,7,0.9099999999999999,0.9099999999999999,0.5455507820774846,-7.865268445234484
100% Corpus,7,0.9099999999999999,symmetric,0.39072622630471754,-7.8124878121811765
100% Corpus,7,symmetric,0.01,0.42880807306003804,-41.07166451643804
100% Corpus,7,symmetric,0.31,0.42412430663683903,-7.779109195347086
100% Corpus,7,symmetric,0.61,0.5336500606868949,-7.707236718499836
100% Corpus,7,symmetric,0.9099999999999999,0.4695510985298899,-7.718981745640498
100% Corpus,7,symmetric,symmetric,0.4057097708213185,-7.864312781719705
100% Corpus,7,asymmetric,0.01,0.40551662139276073,-41.16260793581093
100% Corpus,7,asymmetric,0.31,0.4323381260746131,-7.686777526756303
100% Corpus,7,asymmetric,0.61,0.4467724513386342,-7.60785192686546
100% Corpus,7,asymmetric,0.9099999999999999,0.45705086184279375,-7.642640960496874
100% Corpus,7,asymmetric,symmetric,0.3998737084742024,-7.804460273501123
100% Corpus,8,0.01,0.01,0.43409558411629506,-41.56185038981276
100% Corpus,8,0.01,0.31,0.418841398308858,-7.827160504180037
100% Corpus,8,0.01,0.61,0.5058505235345236,-7.645093142559567
100% Corpus,8,0.01,0.9099999999999999,0.5170952063565651,-7.634727101279441
100% Corpus,8,0.01,symmetric,0.4122327008426318,-8.085363602215677
100% Corpus,8,0.31,0.01,0.4134333034055485,-41.2718506905915
100% Corpus,8,0.31,0.31,0.437741919079069,-7.861688179839638
100% Corpus,8,0.31,0.61,0.419317584578084,-7.78943755673819
100% Corpus,8,0.31,0.9099999999999999,0.46992455041237774,-7.804767113753014
100% Corpus,8,0.31,symmetric,0.41414535933112007,-7.8884002596953335
100% Corpus,8,0.61,0.01,0.396708669177659,-42.242404334349594
100% Corpus,8,0.61,0.31,0.4817787468077135,-7.870616720342044
100% Corpus,8,0.61,0.61,0.49147266192785777,-7.865814152216331
100% Corpus,8,0.61,0.9099999999999999,0.5402871145561947,-7.850437918310841
100% Corpus,8,0.61,symmetric,0.43377215401360414,-7.847443401157799
100% Corpus,8,0.9099999999999999,0.01,0.40514121357611554,-42.77325671032238
100% Corpus,8,0.9099999999999999,0.31,0.4281566417221151,-7.884750900374973
100% Corpus,8,0.9099999999999999,0.61,0.5023331359518209,-7.906953135666644
100% Corpus,8,0.9099999999999999,0.9099999999999999,0.5388385542777148,-7.891714137070747
100% Corpus,8,0.9099999999999999,symmetric,0.41251930330631514,-7.8378571082093105
100% Corpus,8,symmetric,0.01,0.43614023087042497,-41.013972169789156
100% Corpus,8,symmetric,0.31,0.4055317927901163,-7.7834333237860545
100% Corpus,8,symmetric,0.61,0.46160425404406,-7.696078171144708
100% Corpus,8,symmetric,0.9099999999999999,0.5359429840301851,-7.702025222977275
100% Corpus,8,symmetric,symmetric,0.40767504856096,-7.906525500222577
100% Corpus,8,asymmetric,0.01,0.4167577044193273,-40.994651690067904
100% Corpus,8,asymmetric,0.31,0.45615880649996277,-7.705822993072496
100% Corpus,8,asymmetric,0.61,0.4724249374723816,-7.6568883157692795
100% Corpus,8,asymmetric,0.9099999999999999,0.4650204298036394,-7.619499416965567
100% Corpus,8,asymmetric,symmetric,0.4183762939093124,-7.836004384010393
100% Corpus,9,0.01,0.01,0.42513108093163404,-41.499810188224906
100% Corpus,9,0.01,0.31,0.43466436134863173,-7.861366467440712
100% Corpus,9,0.01,0.61,0.509812151125763,-7.697513795038055
100% Corpus,9,0.01,0.9099999999999999,0.4779698143774065,-7.606812124872529
100% Corpus,9,0.01,symmetric,0.4382066466423207,-8.119492117397995
100% Corpus,9,0.31,0.01,0.40782563704885316,-41.23442736236659
100% Corpus,9,0.31,0.31,0.4020117145989159,-7.860795071137584
100% Corpus,9,0.31,0.61,0.5234026648456158,-7.805018263156635
100% Corpus,9,0.31,0.9099999999999999,0.5548708853745491,-7.854524481970342
100% Corpus,9,0.31,symmetric,0.42144486946131043,-7.899333855833369
100% Corpus,9,0.61,0.01,0.37817832469834584,-42.46893316789478
100% Corpus,9,0.61,0.31,0.48293219368978857,-7.9042554406872325
100% Corpus,9,0.61,0.61,0.5017600938780615,-7.905657896545051
100% Corpus,9,0.61,0.9099999999999999,0.5386990435396183,-7.891248305368022
100% Corpus,9,0.61,symmetric,0.43830898009807817,-7.82838113072282
100% Corpus,9,0.9099999999999999,0.01,0.36714733886509054,-43.07815526565127
100% Corpus,9,0.9099999999999999,0.31,0.440438029788973,-7.920336104286949
100% Corpus,9,0.9099999999999999,0.61,0.49471112640348003,-7.936983040269155
100% Corpus,9,0.9099999999999999,0.9099999999999999,0.566198278853884,-7.932190391631962
100% Corpus,9,0.9099999999999999,symmetric,0.41357689838024747,-7.863310857190393
100% Corpus,9,symmetric,0.01,0.4215739331142432,-40.915877421290624
100% Corpus,9,symmetric,0.31,0.44153394778448374,-7.834490078116369
100% Corpus,9,symmetric,0.61,0.46809695723972944,-7.742654494203564
100% Corpus,9,symmetric,0.9099999999999999,0.4897428165877926,-7.733433934507638
100% Corpus,9,symmetric,symmetric,0.44090520358458574,-7.9282891676879075
100% Corpus,9,asymmetric,0.01,0.43409824787387724,-41.27870642334458
100% Corpus,9,asymmetric,0.31,0.4416908582121646,-7.705067455361738
100% Corpus,9,asymmetric,0.61,0.4625843054687736,-7.666771738343295
100% Corpus,9,asymmetric,0.9099999999999999,0.519623987221067,-7.661926386676744
100% Corpus,9,asymmetric,symmetric,0.4160687140218422,-7.834051473517813
100% Corpus,10,0.01,0.01,0.3971523916523951,-41.53986149175381
100% Corpus,10,0.01,0.31,0.44152940795335693,-7.809907601751561
100% Corpus,10,0.01,0.61,0.45209761995613995,-7.694837415053666
100% Corpus,10,0.01,0.9099999999999999,0.5312695583946188,-7.680981792568401
100% Corpus,10,0.01,symmetric,0.4637859095519968,-8.068011892249725
100% Corpus,10,0.31,0.01,0.3733654872423207,-41.277695736499744
100% Corpus,10,0.31,0.31,0.511368119131087,-7.891191782744858
100% Corpus,10,0.31,0.61,0.5377338885920835,-7.845981786212895
100% Corpus,10,0.31,0.9099999999999999,0.5415057923711093,-7.853832294034389
100% Corpus,10,0.31,symmetric,0.42860612747545107,-7.932447725134368
100% Corpus,10,0.61,0.01,0.369522098493256,-42.66484562062206
100% Corpus,10,0.61,0.31,0.47457096089356304,-7.944583444263047
100% Corpus,10,0.61,0.61,0.48970957902300966,-7.924520382766932
100% Corpus,10,0.61,0.9099999999999999,0.5670411879220527,-7.920123548367614
100% Corpus,10,0.61,symmetric,0.4772754169962683,-7.9279803384920875
100% Corpus,10,0.9099999999999999,0.01,0.3555498619305881,-43.14949618840399
100% Corpus,10,0.9099999999999999,0.31,0.5081385736554249,-7.931965736916071
100% Corpus,10,0.9099999999999999,0.61,0.5330946288625148,-7.971076260222166
100% Corpus,10,0.9099999999999999,0.9099999999999999,0.6023973327206551,-7.949481701838141
100% Corpus,10,0.9099999999999999,symmetric,0.4313564945211139,-7.925632651700734
100% Corpus,10,symmetric,0.01,0.42556637392392266,-41.071780529439714
100% Corpus,10,symmetric,0.31,0.4387947307034027,-7.8103365263476325
100% Corpus,10,symmetric,0.61,0.4812086417002243,-7.692641604704385
100% Corpus,10,symmetric,0.9099999999999999,0.4997814082825718,-7.726210998947977
100% Corpus,10,symmetric,symmetric,0.4521329540658188,-7.927476742812771
100% Corpus,10,asymmetric,0.01,0.4560734703124797,-41.15006644069909
100% Corpus,10,asymmetric,0.31,0.4319066389724632,-7.731117645892989
100% Corpus,10,asymmetric,0.61,0.38915260711259625,-7.6817922878566955
100% Corpus,10,asymmetric,0.9099999999999999,0.5414236163218081,-7.671703262326292
100% Corpus,10,asymmetric,symmetric,0.4712812415517213,-7.834711374725906
